{
  "treeseg_leaf": {
    "faithfulness": 0.7876767676767675,
    "context_precision": 0.9274999999669792,
    "context_recall": 1.0,
    "answer_correctness": 0.541411402134771,
    "answer_relevancy": 0.9293305217237551
  },
  "baseline_utterance_128_0ov": {
    "faithfulness": 0.8022588522588523,
    "context_precision": 0.9119444444181921,
    "context_recall": 1.0,
    "answer_correctness": 0.5618112051881382,
    "answer_relevancy": 0.9389714324250086
  }
}