{
  "faithfulness": 0.8022588522588523,
  "context_precision": 0.9119444444181921,
  "context_recall": 1.0,
  "answer_correctness": 0.5618112051881382,
  "answer_relevancy": 0.9389714324250086
}