{
  "faithfulness": 0.7876767676767675,
  "context_precision": 0.9274999999669792,
  "context_recall": 1.0,
  "answer_correctness": 0.541411402134771,
  "answer_relevancy": 0.9293305217237551
}