{
  "timestamp": "2025-10-23T12:24:46.293373",
  "models": [
    "BAAI/bge-large-en-v1.5"
  ],
  "datasets": [
    "ami",
    "icsi"
  ],
  "results": {
    "BAAI/bge-large-en-v1.5_ami": {
      "avg_window_diff": 0.41248519627412805,
      "avg_pk": 0.371819076101091,
      "std_window_diff": 0.06024206485183605,
      "std_pk": 0.058867122789346374,
      "num_meetings": 25
    },
    "BAAI/bge-large-en-v1.5_icsi": {
      "avg_window_diff": 0.38153504877139854,
      "avg_pk": 0.3360851719373506,
      "std_window_diff": 0.06099543604600983,
      "std_pk": 0.06952765901035032,
      "num_meetings": 25
    }
  }
}